"V1","V2","V3","V4","V5"
0.976614989468932,0.00097252950311692,0.000723380303472302,0.0016385153055458,0.0200505854189325
0.841688739349636,0.0021486120829614,0.00711289077437767,0.00285687446705139,0.146192883325974
0.0503766938923208,0.869408451320083,0.0150862047454591,0.00809453826614707,0.0570341117759902
0.175534866482303,0.454164181868723,0.0237006497998187,0.0114402997680297,0.335160002081125
0.0338364786362911,0.140579112932606,0.0885299621030371,0.720424496116003,0.016629950212062
0.152843192827363,0.562476463541536,0.126878161809976,0.0344250381591394,0.123377143661986
0.00888604985163433,0.100813751462799,0.00497588628796488,0.34927549274147,0.536048819656132
0.0114973575082681,0.540377249471392,0.00910750514776181,0.00508359551718909,0.433934292355389
0.994177132873907,0.0018459585602267,0.00107092226132391,0.00190286561453364,0.0010031206900087
0.994946443513272,0.00167766561325512,0.00098168893301331,0.00146633670723265,0.000927865233226626
0.290331076808782,0.00140014680742567,0.00566798374034832,0.00511904772513788,0.697481744918306
0.0404466343634848,0.0238584167748923,0.0770482752934439,0.00866607710029228,0.849980596467887
0.879032680954335,0.058691751742202,0.00494473951138906,0.0456759714888556,0.0116548563032187
0.0136214654542382,0.557714784329174,0.00884662636834126,0.0062884761107902,0.413528647737456
0.135726496613609,0.497049316956758,0.0710313646861548,0.122922196930782,0.173270624812696
0.136300850311021,0.245587938181374,0.0495661337390734,0.00425222054835776,0.564292857220174
0.00645883041112931,0.504429912480758,0.334258400372237,0.00390957764825827,0.150943279087617
0.00229693357213579,0.00281892317699632,0.0694695892396667,0.00600366607099132,0.91941088794021
0.0171994197704047,0.770301702895646,0.0170654185614938,0.0372681032421905,0.158165355530265
0.0480651242060462,0.261956714873309,0.195388902236251,0.452620681426794,0.0419685772575996
0.22474265249267,0.0573193487211528,0.167621061119099,0.437078286625488,0.113238651041591
0.0332072303545386,0.172929215869124,0.00407162097532882,0.00351923388651305,0.786272698914495
0.00916257566142535,0.350881138178858,0.00448407583789611,0.0404242629367902,0.59504794738503
0.0480651242060462,0.261956714873309,0.195388902236251,0.452620681426794,0.0419685772575996
0.00758549529204879,0.173014050523858,0.719337640874374,0.0952273838199869,0.00483542948973283
0.00387242185857945,0.00508667821597826,0.175009982251729,0.807846059833801,0.00818485783991191
0.00707242320181556,0.464059763645393,0.374612327806076,0.004526004164681,0.149729481182035
0.00655432940211947,0.485959930067668,0.366035129198154,0.00396260956271784,0.13748800176934
0.0208803146012616,0.164688564891293,0.020349358903227,0.781168017469835,0.0129137441343835
0.00762355637611842,0.105154802690019,0.626406593167411,0.224712657087846,0.0361023906786058
0.0630073601460634,0.847475467506726,0.0287629901396622,0.0466038768280017,0.0141503053795466
0.00495586443309684,0.00358513531006796,0.0368886987717311,0.00661491543862612,0.947955386046478
0.0774090359399997,0.00324403147306679,0.0032987840499834,0.0150522858364452,0.900995862700505
0.0615600610584903,0.695712682560015,0.0317914373007259,0.0942460735173908,0.116689745563378
0.0431302967268272,0.0837148456021232,0.0401749258611163,0.0104576241073778,0.822522307702556
0.0104793101617797,0.321763768570788,0.00735669361537749,0.00344748201249043,0.656952745639564
0.994055994359856,0.001989919535,0.00111173326607378,0.00170258741789458,0.00113976542117485
0.774221244532158,0.000634740150076863,0.000222807360439443,0.00205719011493398,0.222864017842391
0.00541123660793051,0.345956656589182,0.178976847024816,0.27657679543498,0.193078464343091
0.0115914789086078,0.62548970057544,0.283006650072496,0.0462544796158573,0.0336576908275999
0.18202780293825,0.650531947165557,0.0950856389037571,0.0297193162373154,0.0426352947551207
0.106472692783372,0.847769672973605,0.0216643242194129,0.0184469464549106,0.00564636356869982
0.164723722423303,0.488527316106748,0.0125588813062205,0.00606669554792163,0.328123384615806
0.154956164957924,0.544323330484991,0.0082524046078537,0.00531378268678426,0.287154317262447
0.00469768613619571,0.0427742295911498,0.634234130088992,0.0450499112176717,0.273244042965991
0.922610123351349,0.00177167160833272,0.00496906298308075,0.0019875322885942,0.0686616097686434
0.00295668997557085,0.981479466697734,0.00562480107271784,0.00573984909923404,0.00419919315474334
0.131572881162826,0.506802009959128,0.0344781736353246,0.00736977315738098,0.31977716208534
0.178482730250071,0.676575769049988,0.0392578198528371,0.0303871930099442,0.0752964878371596
0.0177821302291948,0.525936886534282,0.00928891279938272,0.00681265072111595,0.440179419716025
0.0441667681276122,0.105376195227423,0.0284304477552851,0.30873535407054,0.51329123481914
0.107425923396923,0.320961227829308,0.303148531507906,0.241729618649178,0.0267346986166849
0.0083114054992323,0.967853143850313,0.00993435845608065,0.00855278536370378,0.00534830683067031
0.00477038863238261,0.973861139427098,0.007402125027339,0.00709558720403334,0.00687075970914775
0.3213236812437,0.0107034096503933,0.0318804755125056,0.015195130789163,0.620897302804238
0.00526968576858378,0.0574965835568805,0.597201526273953,0.00327100498707172,0.336761199413511
0.00359480441807672,0.94322744706198,0.00506703713744266,0.0429665941124024,0.00514411727009874
0.0477874286338224,0.84908057020576,0.016163963272176,0.0821255876042813,0.0048424502839609
0.097227294044551,0.489843596567468,0.0262023422576768,0.0160826210962174,0.370644146034087
0.0420780353079514,0.626915179449857,0.00678788573196268,0.0119596370152557,0.312259262494973
0.0162642781612686,0.641013995082132,0.00665580389683742,0.0109371687763815,0.32512875408338
0.00536996264417568,0.802948339258149,0.0833342632931006,0.0551278517504327,0.0532195830541426
0.00905118709773319,0.141866803071036,0.0971613861336399,0.155192778044181,0.59672784565341
0.00540772446433734,0.966241756259383,0.00687482942688277,0.0144110658584369,0.00706462399096012
0.0205868659879065,0.269692581027907,0.0822142891316068,0.435817763848201,0.191688500004378
0.991828659664879,0.000590018287678865,0.000437113765404239,0.000890721280227401,0.00625348700181069
0.00611893730115479,0.944638547725773,0.0127249014230488,0.0269727294960343,0.00954488405398863
0.0264121622995338,0.499872074335379,0.0783953491746488,0.206336269734773,0.188984144455665
0.101772013217191,0.869593486958803,0.0142288208198193,0.0103275911692005,0.00407808783498563
0.00995030997563938,0.862642589695445,0.118289290092811,0.00389743081024577,0.00522037942585825
0.135492221969746,0.77688398078246,0.00876316379986608,0.070346723930793,0.00851390951713421
0.958356186728203,0.0026232644417301,0.00160558373798114,0.0243515793380702,0.0130633857540155
0.00225045672193079,0.981895714269098,0.00724457527558068,0.004981308526758,0.00362794520663241
0.964528061534095,0.00284020899298806,0.00281327823134285,0.00822607756077629,0.0215923736807978
0.0139056195800207,0.136792776846198,0.213106185310541,0.248190177450948,0.388005240812292
0.180422031204301,0.0475735226009556,0.120074674117061,0.0204229200484033,0.631506852029279
0.0495924098571833,0.0872367810663564,0.0616761655650528,0.367202143300971,0.434292500210437
0.111864489667104,0.734976821524732,0.0548858173490514,0.0718778838425805,0.0263949876165318
0.0221920613776209,0.687485840040131,0.00793876313878281,0.00496822624090239,0.277415109202562
0.0585497310864033,0.554114976648465,0.0117629883075341,0.00670155587708504,0.368870748080512
0.00605086172183521,0.26236963866111,0.354386353459483,0.344662606519244,0.0325305396383288
0.0122234620876236,0.651320667239957,0.275381697946904,0.0499599011119961,0.0111142716135196
0.126654309186402,0.0329873270697448,0.00098920903386377,0.00297823078379824,0.836390923926191
0.0123646554633612,0.901625501197213,0.0239742153171175,0.00765537554046999,0.0543802524818379
0.00605086172183521,0.26236963866111,0.354386353459483,0.344662606519244,0.0325305396383288
0.00605086172183521,0.26236963866111,0.354386353459483,0.344662606519244,0.0325305396383288
0.0207859078671564,0.00525309820439986,0.00473303427194463,0.170257422267924,0.798970537388575
0.00485006630212177,0.0182640787130366,0.334585865694836,0.00615012113288095,0.636149868157124
0.926160663300004,0.0126258640174716,0.00657193224883444,0.0132688121177131,0.0413727283159767
0.0224370202807134,0.181985599812968,0.0477719987750228,0.173555750060708,0.574249631070587
0.00657004016974804,0.160649556292898,0.00445760214672427,0.130431937486403,0.697890863904227
0.111641097419908,0.736721982551593,0.0107171242484058,0.136013450756898,0.0049063450231948
0.0770506453541926,0.00960532473529808,0.00469347579806674,0.900536149801887,0.00811440431055575
0.0299482887174699,0.0313184077083488,0.00394545983262967,0.422558995552201,0.51222884818935
0.0722872506002672,0.0457501120537758,0.555220620897403,0.0524495744656994,0.274292441982855
0.00568227833756123,0.529269206789061,0.0364603046638995,0.00493961168042904,0.42364859852905
0.00325911602944642,0.382586750236785,0.600828250643364,0.00742031455896073,0.00590556853144362
0.055832153631574,0.00086927654324631,0.000392707045169761,0.0102912922162819,0.932614570563728
0.00623125878429555,0.50174598879021,0.0404328427632828,0.00525648967801898,0.446333419984192
0.0151196533893218,0.797189922555272,0.106149819488839,0.0306613892239796,0.0508792153425876
0.0479123280224542,0.502964334494906,0.0303657827451483,0.00530274362842831,0.413454811109063
0.680750633514307,0.231535422002735,0.0730462427746226,0.00840837365092592,0.00625932805740954
0.672398825470788,0.0429619632553714,0.00369821704494364,0.00746073498486979,0.273480259244027
0.212391174234786,0.0121846188456749,0.0957308239905956,0.0279710051827898,0.651722377746154
0.00201685263690176,0.985141321001435,0.00396686355993081,0.00503618132373408,0.00383878147799803
0.00579150927679727,0.0379689847435419,0.754920185627395,0.183230550397929,0.0180887699543368
0.00935564445738038,0.212484031803982,0.008491653419529,0.595268595548561,0.174400074770548
0.0110016364474,0.47357863561622,0.00846462760173192,0.355171579011925,0.151783521322723
0.00487972492728982,0.185098529765893,0.634208974162687,0.163675092601101,0.0121376785430295
0.171834584687635,0.0185546200506992,0.666365316978831,0.119241363129964,0.0240041151528705
0.985794422779797,0.00122964644431595,0.00488611944560278,0.00364047401255098,0.00444933731773287
0.00477038863238261,0.973861139427098,0.007402125027339,0.00709558720403334,0.00687075970914775
0.217765979167628,0.080251382856767,0.431481180865999,0.0186592619041022,0.251842195205504
0.741513348795096,0.0654959855464743,0.00282627636011719,0.00706845933825741,0.183095929960056
0.00648284696047278,0.00197176256194233,0.00792598137680747,0.00327371022211733,0.98034569887866
0.0179508004464092,0.161170960242139,0.53678368529771,0.209338576626418,0.0747559773873242
0.0226512653251821,0.0684589199251663,0.764283574020456,0.004195475330464,0.140410765398732
0.0685924435960291,0.486320519817831,0.0292394610726776,0.00456183674764205,0.41128573876582
0.00355067158185425,0.00886294603078406,0.00203054517963296,0.975500524012693,0.0100553131950357
0.359551640205831,0.520344683486993,0.0335639818986957,0.07665158090837,0.00988811350011097
0.0801769000879108,0.238042173123301,0.0538203923214462,0.511275454162835,0.116685080304508
0.0211275563922862,0.830801330577852,0.0804618463002198,0.0511931146335382,0.0164161520961035
0.00255463402068235,0.969377752225999,0.00771370816070654,0.0137629001303171,0.00659100546229416
0.0100736662581445,0.0574553465754545,0.608085136915625,0.14122654264001,0.183159307610766
0.935884629182446,0.0335799570798201,0.00438950341161595,0.0186551163880116,0.00749079393810664
0.315422319102601,0.624715878870659,0.00663247980234124,0.00349181896375864,0.0497375032606409
0.0855126053829882,0.0649277076965806,0.765831358584145,0.0321909398020422,0.0515373885342439
0.0118553747929051,0.00688863819472626,0.810303763546937,0.0089667081948039,0.161985515270628
0.148719325407316,0.00712751986522685,0.726882084181127,0.0199520566655414,0.0973190138807891
0.00642414212131091,0.00317365067081854,0.368414198481766,0.0139931929960637,0.607994815730041
0.0363870146612918,0.585838981522738,0.346726341613116,0.0221875317900675,0.00886013041278697
0.00282048391322626,0.891210867038985,0.0989183240819331,0.00372071130276062,0.00332961366309486
0.00211772244576053,0.0285467935857415,0.0212127943993494,0.006569651420863,0.941553038148286
0.00591251925683229,0.0102385716752924,0.0337713200971468,0.0111252868029979,0.938952302167731
0.00435408310228766,0.963936304047053,0.00595279690427504,0.0192234875144432,0.00653332843194104
0.0123287678754081,0.909822503815278,0.0211563062521821,0.0127200448763552,0.0439723771807766
0.0396256534484922,0.133456008546046,0.236790999466289,0.250544158683415,0.339583179855759
0.00895991103243011,0.0117956355729731,0.0249614496109504,0.0317691897598633,0.922513814023783
0.0628169414570406,0.791993821563622,0.044120975695326,0.0936675315947693,0.00740072968924222
0.00916257566142535,0.350881138178858,0.00448407583789611,0.0404242629367902,0.59504794738503
0.00684619751707543,0.854776998994793,0.0373885553446594,0.0862854992658412,0.014702748877631
0.00264102946584077,0.00300553974158297,0.0897896527169883,0.0057361478001487,0.898827630275439
0.00313036413940504,0.979355794816233,0.00692337670823936,0.00583148737730234,0.00475897695881993
0.00772754443068747,0.965412287442085,0.00793720600250643,0.00895904147820701,0.0099639206465144
0.134081794828144,0.349770155777326,0.204316411513402,0.183395969465266,0.128435668415862
0.0119927526736868,0.178402079763566,0.0035498445675118,0.028370166197436,0.777685156797799
0.979760410747384,0.000788151345676637,0.000593269127899534,0.0012860816124978,0.0175720871665424
0.0239785874480866,0.200373607949181,0.0881404970037146,0.0599214447108552,0.627585862888163
0.00235018854171282,0.00454749986892869,0.00196077152393987,0.00420763187761439,0.986933908187804
0.00635966332738617,0.556851430850928,0.340560104287331,0.0627926307803238,0.0334361707540308
0.98476908177119,0.00104430687794204,0.000648064498809758,0.00124155260574922,0.0122969942463084
0.126717730121996,0.474099961026821,0.00891915344960025,0.00377647963711523,0.386486675764467
0.00243820274134346,0.00181718836340897,0.0154458859241371,0.00884303387485934,0.971455689096251
0.682443734260243,0.000599798760781725,0.000206726317204277,0.00149315959310654,0.315256581068664
0.491314313992348,0.0146188384174325,0.00886445145112075,0.00921910862456522,0.475983287514534
0.012194124910931,0.510976351739547,0.0893023639921199,0.0427789504297442,0.344748208927658
0.00830856950889097,0.349313140610734,0.00448925029357772,0.0472009181991776,0.59068812138762
0.00460459033764285,0.800684707639853,0.130710186804995,0.0558405401895002,0.00815997502800915
0.028140367610243,0.137432214771821,0.0101870021551008,0.00413047979671768,0.820109935666118
0.994177132873907,0.0018459585602267,0.00107092226132391,0.00190286561453364,0.0010031206900087
0.993385996597901,0.00195466336216141,0.00158179111609812,0.00199049179278269,0.00108705713105672
0.97671508665728,0.00347439265797029,0.00235002837200038,0.0145583697237421,0.00290212258900738
0.0599240035004651,0.0447440717885396,0.279170851301297,0.088757793785369,0.527403279624329
0.00709794862293372,0.95414768526989,0.0156792559981256,0.00984874683764902,0.013226363271402
0.103221159206943,0.0565929168848147,0.0189570507076028,0.130258879344048,0.690969993856592
0.994305880949435,0.00168944359149106,0.00140429568204993,0.00160629430221342,0.000994085474810738
0.927021643660353,0.014298845625428,0.00426875492915696,0.0487167520895741,0.00569400369548839
0.109272246398799,0.765895206879297,0.0179743773600043,0.00687163529070804,0.099986534071191
0.0157117547144025,0.350903467873355,0.00708015139879727,0.026763471422095,0.59954115459135
0.00307804027266399,0.937898743710342,0.0439623957053069,0.00642381389965873,0.00863700641202792
0.0108183098034731,0.460218550334519,0.508057157427865,0.00863305456473925,0.0122729278694038
0.958533867767936,0.0183091200133323,0.00864148943490466,0.00972807941572433,0.00478744336810244
0.0161147570334592,0.0191797202809095,0.0083812529694329,0.0038958792483572,0.952428390467841
0.00304122229783805,0.974938310635736,0.0098719443117756,0.0064712620170411,0.00567726073760916
0.00696831969098457,0.633844865008636,0.0130085297062495,0.058814515388776,0.287363770205354
0.00611893730115479,0.944638547725773,0.0127249014230488,0.0269727294960343,0.00954488405398863
0.00534809793220162,0.435632901875041,0.00603543269577139,0.262060091818901,0.290923475678085
0.0615613078852807,0.0764267401514991,0.0199656167309064,0.280487401306414,0.5615589339259
0.890348611867567,0.00476115207848327,0.0128420942101317,0.0616158275336852,0.0304323143101329
0.0487399349868095,0.000831183115914242,0.00037774121092716,0.0130528829855458,0.936998257700803
0.0804097453040603,0.860462376143469,0.0161179689841933,0.0266315536691266,0.0163783558991512
0.710453635100508,0.00284937686457801,0.00982272046583576,0.00265222582581031,0.274222041743268
0.744185274558524,0.0158190052797435,0.00322061356568393,0.0286001654604393,0.208174941135609
0.669761144306198,0.0031688362535427,0.00176773247695168,0.00507306453840467,0.320229222424902
0.890620843471733,0.00165682180918168,0.000437591548096023,0.0641047739159229,0.0431799692550661
0.95073037275677,0.00229142216980996,0.00177138330254349,0.0401153147617279,0.00509150700914879
0.00325426653425232,0.919383099387468,0.00874110879513261,0.0614441805484216,0.00717734473472595
0.94538990086828,0.00632490439410329,0.00185358819625901,0.00165815937950482,0.044773447161853
0.0224840590771651,0.225957227858886,0.00649901473436095,0.515079032392351,0.229980665937238
0.456721655103073,0.00200192302344274,0.0090375462845587,0.00441856533032904,0.527820310258596
0.0053911620531191,0.00609047837453826,0.100947306257314,0.0151171255869214,0.872453927728108
0.175556885425322,0.0187709381218364,0.0375872525788584,0.751183725229099,0.0169011986448839
0.00941075415974913,0.466885949025798,0.0116912054968237,0.0257481785274772,0.486263912790152
0.0141099406322401,0.813318005633525,0.0658979416782053,0.00686901848922471,0.0998050935668049
0.00479723479007832,0.880084662053873,0.0928592249560705,0.0173470328583196,0.0049118453416585
0.00447308844740597,0.971206179546073,0.00720642191600296,0.0118047110499212,0.00530959904059656
0.0508941363640989,0.00506911614985865,0.153456388168594,0.75446680215264,0.0361135571648089
0.287733529949263,0.0014134394179623,0.00566659311315232,0.00502589945511262,0.70016053806451
0.0276694176007974,0.00203377128061397,0.00669804732914436,0.0502677695104466,0.913330994278998
0.0332072303545386,0.172929215869124,0.00407162097532882,0.00351923388651305,0.786272698914495
0.00899718146711779,0.967124046529397,0.0101821164286274,0.00864679254630944,0.00504986302854893
0.0382072939954961,0.00203339799155812,0.0110322893544717,0.00969316360055865,0.939033855057915
0.0651744250778661,0.00210680608665092,0.00785026816845451,0.0493961826415398,0.875472318025489
0.0459361713412693,0.584483293110744,0.0357472052844568,0.300789743583871,0.0330435866796582
0.0057370615561405,0.132459680102486,0.465116235560156,0.00555798098837681,0.391129041792841
0.00499134770162228,0.223599533269084,0.666962542334467,0.0310830816283847,0.0733634950664429
0.0155305459387954,0.351650923629175,0.00707903578901471,0.026248664919635,0.59949082972338
0.716628099747896,0.0211945896004513,0.0482089002717623,0.00418735431561081,0.20978105606428
0.038386886536283,0.180902403847417,0.0259042547287911,0.366062820076688,0.38874363481082
0.0070032762039663,0.922731855602535,0.0256595179600317,0.0399259686929438,0.00467938154052353
0.0466091479645835,0.00251070902929958,0.00643343322753194,0.046524697249715,0.89792201252887
0.0920562952024021,0.652067309210563,0.0699741432990839,0.0283463185731928,0.157555933714759
0.0761958109334522,0.706933771419601,0.0506387463236807,0.0249919596669584,0.141239711656308
0.083973261332188,0.319723455944492,0.166778898939451,0.0355915668629701,0.393932816920899
0.00605773834984004,0.00252453989552361,0.00900429313406017,0.00663258956861745,0.975780839051959
0.119402697075102,0.789641685415339,0.0220922461890949,0.0597414635580229,0.00912190776244161
0.953648089570032,0.0361358510998329,0.00249636382941603,0.00336828175153686,0.00435141374918256
0.994055994359856,0.001989919535,0.00111173326607378,0.00170258741789458,0.00113976542117485
0.429589523127701,0.00192640571693349,0.000555121451229215,0.543359128130789,0.0245698215733471
0.993245917012386,0.00259432940008103,0.00121847316128959,0.00192616658180338,0.00101511384444044
0.993250971194357,0.00259868933084726,0.0012163007524015,0.00191476395689612,0.00101927476549789
0.994737823336528,0.00160370721661744,0.000996595642334507,0.00171368005777446,0.000948193746746064
0.0565383645362368,0.866549259777609,0.0236235846143163,0.0378978815431792,0.0153909095286584
0.0157002644990916,0.351517392571554,0.00720426726985473,0.0322600507662991,0.5933180248932
0.00522696292665102,0.352605683436455,0.554646578855712,0.0749557481148967,0.0125650266662849
0.00832667672875249,0.00571147645757705,0.107699301755875,0.0129558223126706,0.865306722745125
0.0283351874980857,0.00688357234277797,0.00467799092011228,0.364796010524105,0.595307238714919
0.16164882204254,0.337082889321199,0.00734384175104513,0.0104024152589902,0.483522031626226
0.258662263042518,0.328318857774241,0.0339406393106599,0.0682528509766479,0.310825388895934
0.185137423041433,0.00187536265091587,0.010710069925495,0.0101312933739792,0.792145851008177
0.756204379551943,0.00233978219145215,0.000472089973724578,0.0331894914133015,0.207794256869579
0.00605773834984004,0.00252453989552361,0.00900429313406017,0.00663258956861745,0.975780839051959
0.382616016824038,0.0530650675859058,0.00208339998428063,0.177418343358227,0.384817172247548
0.011314062702233,0.142166567569702,0.00292695402783226,0.00481332803209409,0.838779087668138
0.0769767144152223,0.800944195704249,0.0131626888854737,0.00940447475079395,0.0995119262442606
0.00292957420543072,0.00288573932389663,0.00704297661461584,0.960795297822132,0.026346412033925
0.670901414460069,0.00771322692551271,0.111961194847012,0.00540823624281117,0.204015927524595
0.0488306859689781,0.00466226010136748,0.00829480606283488,0.901697046465119,0.0365152014017011
0.220453881032955,0.106247569844566,0.0957650982180488,0.167322171511673,0.410211279392757
0.00380312695936024,0.452703679449269,0.496011074338545,0.0387742397178822,0.00870787953494395
0.00724342752547314,0.0162850753194664,0.0374039000811878,0.610469534199514,0.328598062874358
0.0721359631088755,0.0229358136046041,0.00420984532086215,0.10019617990837,0.800522198057288
0.849356717893203,0.00468895536033148,0.118188217858441,0.00255107879739738,0.0252150300906275
0.00381301469183345,0.329623170845917,0.638782808727565,0.0173645317101948,0.0104164740244901
0.23618386138239,0.0489182829024955,0.0306111857164859,0.0830762946490317,0.601210375349597
0.321877404962399,0.181123532823216,0.00565190336308876,0.00905768199930136,0.482289476851994
0.995330782458048,0.000315856255912979,8.68753040915771e-05,0.00195056828507252,0.00231591769687479
0.00599524720077602,0.937869717344435,0.00636721186967668,0.0446388858295362,0.0051289377555761
0.00755760745216871,0.801692746451177,0.114940077786516,0.0675241020770605,0.0082854662330778
0.684408752237362,0.000785667233213558,0.000259608865098699,0.00222405345766689,0.312321918206658
0.034140284819463,0.757492014074296,0.0451033537501486,0.0764893440998145,0.0867750032562772
0.00788707141473982,0.229051598791576,0.00766945389445756,0.175368572765183,0.580023303134043
0.00607557199467636,0.905143321278368,0.00773928533117115,0.0617595925326021,0.0192822288631821
0.0880553939924805,0.23286679965962,0.199626867559225,0.261360726657026,0.21809021213165
0.950615784262616,0.000908998171891663,0.000371810036813463,0.0396470954748361,0.00845631205384316
0.12090475508922,0.213320128529153,0.199161701918307,0.0436902406805419,0.422923173782778
0.994632974689729,0.00031845418866743,9.34115484318045e-05,0.00191421403704998,0.00304094553612193
0.0483436801728139,0.835937033895444,0.0358219374238784,0.0666696776709919,0.0132276708368718
0.594904640991876,0.0213959199925722,0.00600668518236218,0.0420066919946148,0.335686061838575
0.0137725970984554,0.0223329442921597,0.0618963293661651,0.0337387723326007,0.868259356910619
0.00282438555901944,0.890815341522326,0.0992939216416339,0.00372756669629867,0.00333878458072219
0.00773545121853229,0.49422409432581,0.029817397836741,0.0123275398285552,0.455895516790361
0.00829334491529243,0.324904133848787,0.00976909925775051,0.00575586347032716,0.651277558507843
0.00696985194030559,0.39591752942149,0.00923722019385,0.00534244954428678,0.582532948900067
0.413112899500012,0.00305620509736152,0.0201249489684197,0.0217529189920053,0.541953027442201
0.00927729172721824,0.836022879271432,0.00806835122975994,0.062357135809217,0.0842743419623732
0.0586547755588144,0.361641362519635,0.00928821998301134,0.00468714405091479,0.565728497887624
0.0361888752868875,0.0104967089846135,0.00282337006395241,0.0663786316738564,0.88411241399069
0.00197360009595637,0.00176550129802037,0.00841420220178928,0.0059614102214256,0.981885286182808
0.104584459617419,0.848712703711485,0.0262355945980042,0.0127254592487545,0.00774178282433694
0.01735366012202,0.397579301336912,0.208579087097619,0.0687513986119537,0.307736552831495
0.0267490811688386,0.102974209294434,0.713671284189269,0.0785126138833988,0.0780928114640601
0.13661334382492,0.732118268514693,0.0113172099351673,0.111982716421006,0.00796846130421279
0.00814635314173576,0.0103044889289661,0.600117692227316,0.00427980978043917,0.377151655921543
0.019337436649892,0.0695015574713376,0.458740403456516,0.183294554028181,0.269126048394074
0.989059740867436,0.0035051269441395,0.00136757079341198,0.00300071295312487,0.00306684844188829
0.00570290171534279,0.0161122874248002,0.00540003129130586,0.964198506406753,0.00858627316179789
0.00331291291652722,0.00355208699698805,0.036291329329467,0.00918180551037395,0.947661865246644
0.112206094249525,0.647905697932006,0.0530219154931766,0.00917972477943554,0.177686567545857
0.16490889573657,0.167593700998148,0.0696415229376581,0.573690389041983,0.0241654912856406
0.00575593150869981,0.348076087626776,0.0543106890330965,0.276026347507187,0.31583094432424
0.00307804027266399,0.937898743710342,0.0439623957053069,0.00642381389965873,0.00863700641202792
0.0100336590703364,0.941179024289947,0.018039969965469,0.00968879368743471,0.0210585529868135
0.0987248781388436,0.00253456996834728,0.0147810224589899,0.0201998639104642,0.863759665523355
0.995037649927542,0.000310966622632995,8.70515586957161e-05,0.00194741426160746,0.00261691762952212
0.0396242486943443,0.231851345686694,0.594928681294493,0.123375624435259,0.0102200998892104
0.989070216083742,0.000649372263735168,0.00049735826754997,0.000977650969554835,0.00880540241541775
0.681823188378675,0.143022111126498,0.00191776903765083,0.148442169068286,0.0247947623888903
0.940954407799051,0.0010994708631767,0.000408718797175794,0.0489032685652289,0.00863413397536789
0.981426825793143,0.000600047172581984,0.000161091690142129,0.0135618690665724,0.00425016627756046
0.0102774320602196,0.465544328255616,0.025052141745823,0.0187351398659281,0.480390958072413
0.154978294720191,0.295419602475929,0.0711575057248583,0.46503557088938,0.0134090261896414
0.0254536376240217,0.501532566595686,0.00624007366452235,0.00686131640539565,0.459912405710374
0.0254106676927583,0.369057786948043,0.309956215689414,0.00768529182338831,0.287890037846396
0.00394640633783388,0.850278046781104,0.0127245047157354,0.121963231706705,0.0110878104586208
0.00278817655933762,0.979579543340749,0.00584112594017966,0.00453353561394883,0.00725761854578414
0.00785111084800061,0.00631009513576357,0.889890863219328,0.00692892585098498,0.0890190049459233
0.00291163613032815,0.00388515597281421,0.0641292769472958,0.00454438615688544,0.924529544792676
0.0319983434008277,0.833712562013999,0.0181739495269594,0.0320050526370991,0.084110092421115
0.0609187460283049,0.600128492643376,0.138071585287974,0.0665436516635861,0.134337524376759
0.0270407697146656,0.206781954441506,0.0369076796152588,0.00774730503844163,0.721522291190128
0.00451846695493914,0.903317372700931,0.0072858862655836,0.079890286936202,0.00498798714234346
0.0107533049438401,0.810832136207398,0.0243432211573747,0.053842976473956,0.100228361217432
0.00607520202507001,0.336373312350015,0.00510791448090815,0.0531369346414537,0.599306636502553
0.00574291581901249,0.100706772241366,0.00403335791532366,0.261800316232763,0.627716637791535
0.995700929857512,0.000268696057376204,7.86511933290458e-05,0.00141195686038091,0.0025397660314017
0.0816182202560699,0.863761602166381,0.0222362947228143,0.0199101777802316,0.0124737050745034
0.248766095644147,0.594468236511977,0.0486739242489259,0.022752712667568,0.0853390309273818
0.108058080362527,0.00392793919691534,0.259872044965315,0.037894117933714,0.590247817541529
0.0921263474202424,0.00648925983453346,0.801772586548133,0.0117796248738072,0.087832181323284
0.989754107031842,0.00041164993733641,0.000133408213176855,0.00241215532397361,0.00728867949367061
0.988208426039658,0.000615765764391232,0.000165577392943382,0.00610572864489541,0.00490450215811172
0.00724335948076825,0.00714492817281816,0.628735102970391,0.0246652356713273,0.332211373704695
0.979893891119168,0.00542897586414543,0.000410175781183431,0.00520152425648744,0.00906543297901598
0.0306874904204178,0.107763839739337,0.745188674464244,0.0585878411526401,0.0577721542233611
0.0678889179862921,0.00687417518790688,0.903735972521675,0.0119438439440848,0.00955709036004142
0.00191530340546707,0.00405663924694749,0.986028741525563,0.00231210808407284,0.00568720773795021
0.478579988396553,0.424164145857476,0.0196872711198746,0.0101971692912974,0.0673714253347983
0.0197975793440176,0.687255826721311,0.0737972688479997,0.188528620329615,0.0306207047570572
0.0699214724445456,0.833158510692188,0.0231303136878045,0.0458541095913024,0.0279355935841595
0.00875087899845181,0.531426504499985,0.441299600180273,0.0126094138392748,0.00591360248201479
0.0409297310632461,0.495105068181377,0.0468498127122401,0.338002926385945,0.0791124616571915
0.00553976349635133,0.357003505050317,0.618690024458328,0.0067481562499716,0.0120185507450325
0.00494632798389671,0.255590833882353,0.586760842003229,0.082482744887462,0.0702192512430592
0.00631305104465906,0.0290358690130134,0.00387518149602811,0.949599820563096,0.0111760778832034
0.0235900034740249,0.0317205995001324,0.683443883861724,0.00349424099397736,0.257751272170142
0.0216368012908257,0.158870743677485,0.0338580966293175,0.121269089324213,0.664365269078159
0.00209241078110535,0.00323409772708361,0.00139342653049722,0.00126720490853909,0.992012860052775
0.107278073109277,0.385327892017861,0.00809615461867631,0.00385948818778113,0.495438392066405
0.00923674240944245,0.178869588358799,0.0547470164591375,0.117886684285624,0.639259968486997
0.0055031776445757,0.472787701089131,0.0096593201305724,0.00336732426589328,0.508682476869828
0.00414042090327595,0.166630204446861,0.709284156402468,0.111520111791996,0.00842510645539937
0.184654733656703,0.526447375031369,0.0306121829573479,0.00740336436850101,0.250882343986079
0.0159758689997608,0.0796601478766256,0.839885074179345,0.0185462278589421,0.0459326810853264
0.00754757455775995,0.0058741919000441,0.102227360672438,0.0715754547954534,0.812775418074304
0.0108424111930926,0.436692523518897,0.521357021934152,0.0216835531862398,0.00942449016761852
0.994888133744136,0.000335043980563138,9.27451452987601e-05,0.00203688225791134,0.00264719487209115
0.0475866088077011,0.248853888521892,0.446868042881398,0.142553238143011,0.114138221645998
0.0280818853143564,0.0139625360432933,0.387649036723888,0.00466615464370566,0.565640387274757
0.962822631058628,0.000927404510571021,0.000221566463864066,0.0315357936823818,0.00449260428455538
0.0104194774756327,0.460853796398256,0.00831884718470183,0.00408914747812283,0.516318731463287
0.247886941722719,0.288123596307285,0.0178732389581634,0.00339499635464878,0.442721226657184
0.00918364546284426,0.00796455351685598,0.25424047730487,0.0047041217582329,0.723907201957197
0.0140414307847582,0.405354241261137,0.00882094398943475,0.00441740426219391,0.567365979702476
0.58152230208152,0.000677453865987018,0.000249887889735249,0.00229104264693912,0.415259313515818
0.00328253257052095,0.922377158916502,0.0439007000230788,0.0242911939418978,0.00614841454800078
0.00649880393198015,0.0152771982303781,0.00309735093108305,0.961329484560405,0.013797162346154
0.0562807905408726,0.407429417681485,0.00718035306911465,0.025494445516447,0.50361499319208
0.15686170718522,0.170943150723171,0.135031164991274,0.462749580784389,0.0744143963159463
0.046086829705396,0.317016230643244,0.00809646720420043,0.611110231749771,0.0176902406973883
0.967416899056131,0.00518093537841141,0.000472181992233407,0.00603892531150107,0.0208910582617236
0.991566015347979,0.000807501870863275,0.000712464625375674,0.00428314162706374,0.0026308765287191
0.0573519080501856,0.334340715608051,0.0925821704043383,0.263992989237985,0.25173221669944
0.0354899412006361,0.0114754472262705,0.00236175134588264,0.0187156744081742,0.931957185819036
0.209932522320458,0.217643740459576,0.19288903650833,0.208537827172945,0.170996873538691
0.0107660517085675,0.734410948627192,0.0289908302161099,0.115194799426206,0.110637370021925
0.170228389669449,0.762702239040002,0.0102727924579496,0.0470600340372499,0.00973654479534962
0.758419250542605,0.00439658514248845,0.0415148857545483,0.00771207054371108,0.187957208016647
0.087625118046805,0.0472489342787542,0.0166103173204603,0.0652820063850969,0.783233623968884
0.994688267985527,0.0004047871836543,0.000102414840976354,0.00226611085944362,0.00253841913039928
0.0027866339349708,0.976673812334306,0.00857383125810821,0.00651233392892827,0.00545338854368678
0.0472705595623561,0.00124034904222418,0.000502747442656662,0.067205799391658,0.883780544561105
0.0824022446678192,0.0264379203981754,0.00419609487582361,0.0860157452879646,0.800947994770217
0.029011589735834,0.00545045853848125,0.675968229429931,0.00950539768174678,0.280064324614007
0.910392191052424,0.00273783122338272,0.011065039110506,0.0043418848630187,0.0714630537506687
0.953240320779439,0.000805148274796303,0.000208157807979606,0.0410891882711732,0.00465718486661153
0.0436404471402069,0.163083031364083,0.00875874674163254,0.0568445852887573,0.727673189465321
0.0483834349470921,0.825992930039994,0.0581043503150676,0.0122104101655167,0.0553088745323293
0.0441284543238197,0.00512538924861385,0.851773325671605,0.060126699915262,0.0388461308406993
0.0353392088499943,0.212210901086772,0.00863640074484617,0.0524461717888028,0.691367317529584
0.0431469183037668,0.518340295023915,0.298221783261329,0.095472224806136,0.0448187786048536
0.00520278656655184,0.829576200753926,0.0113573516477358,0.0107163357898126,0.143147325241973
0.996462450213208,0.00024526642755052,7.05179052816562e-05,0.00122877452220094,0.00199299093175917
0.996750987465046,0.000227960464496291,6.60105301147578e-05,0.00110818790880271,0.00184685363153963
0.00339514129740741,0.00462127292919846,0.981446071816943,0.00321909773984255,0.0073184162166087
0.00237290173823126,0.00924887503998631,0.00140323588428856,0.00211286609549596,0.984862121241998
0.990937300420061,0.000387252843780345,0.000119809585596246,0.00250719058283376,0.00604844656772826
0.0332480592281039,0.00365436015621245,0.94302340784695,0.00704300591126884,0.013031166857465
0.00245087651084892,0.0132101358263377,0.00209585532025402,0.0566036487595882,0.925639483582971
0.00767142974455015,0.0118222724483947,0.00355178288530773,0.959990232447127,0.0169642824746202
0.0676216690449199,0.634231598152186,0.128845030973076,0.00798222042180652,0.161319481408012
0.047469356147654,0.0214401176690499,0.604025456630038,0.103157850428735,0.223907219124523
0.0357578792322665,0.106949221299634,0.00567882186868794,0.263303272416423,0.588310805182989
0.00382655527545115,0.345250136526224,0.00527561659143823,0.0748837768674262,0.570763914739461
0.0159502435212802,0.00870715426485375,0.511329618514587,0.0054219686055191,0.45859101509376
0.00354017604447491,0.638753546533563,0.0198359145817886,0.0141898293511062,0.323680533489067
0.00388946061383433,0.348278786330132,0.0054744162272153,0.0758864959718403,0.566470840856978
0.0436351080485016,0.0560904531317231,0.00424253578483638,0.156770776003661,0.739261127031278
0.0134678184974347,0.0117247020103711,0.00229184519828315,0.026873146922283,0.945642487371628
0.00423824050389791,0.0399206522038376,0.00439221067928866,0.0293409650869323,0.922107931526044
0.337121539567002,0.415805359390031,0.0272088597707681,0.0209131341022142,0.198951107169985
0.0217724234376045,0.04432131649607,0.0041804818942653,0.31252497700379,0.61720080116827
0.0104565545222407,0.217465919451641,0.670409898807251,0.0797245671258951,0.021943060092972
0.00277599373519425,0.0111230430037116,0.00282636345688979,0.00951178214230236,0.973762817661902
0.00412995822257872,0.0103531659581038,0.00295088272385549,0.0144379097449462,0.968128083350516
0.12241699702377,0.171543748240468,0.013461119916199,0.123064975239599,0.569513159579964
0.0180110654129731,0.0126848120955115,0.00625940363044226,0.0581921296194273,0.904852589241646
0.00360386350489936,0.965796050820067,0.0104949887513869,0.00730626121513116,0.0127988357085153
0.187683825204881,0.476895955340438,0.0128738809558658,0.0136985952961905,0.308847743202625
0.00378605855597636,0.0424255767938714,0.00561585130533018,0.00980750518080874,0.938365008164013
0.00426906209434906,0.00414818439250296,0.899178568106042,0.00891093241760214,0.083493252989504
0.00791374678456173,0.09925693700242,0.00705506313417727,0.34489077715879,0.540883475920051
0.00205585815578108,0.00145507388741069,0.0107691711783229,0.00161985378515135,0.984100042993334
0.15382057516265,0.199582878080542,0.149537086916835,0.0199251659316289,0.477134293908344
0.993767342457754,0.000396049783955987,0.000106018780814387,0.00297588692593742,0.0027547020515388
0.00228956180567673,0.00295623899925451,0.18554065271485,0.00340487424844722,0.805808672231772
0.00997890189731101,0.137216516905645,0.00738304769805642,0.339175870654312,0.506245662844676
0.994027797451316,0.000365793682358729,0.000102365754958912,0.00246581442905219,0.00303822868231424
0.00292099307768171,0.372786948732704,0.00471879568859368,0.0162446412610371,0.603328621239983
0.745126035240827,0.00674062476249182,0.00548037328709124,0.0382250354200077,0.204427931289582
0.0469669398126296,0.0153010926533725,0.768096749713002,0.160096184637808,0.00953903318318727
0.00485069140172359,0.0277201698659912,0.8694115622206,0.00385598846441696,0.094161588047268
0.00350518742109444,0.979380953494894,0.00511629548624889,0.00690640136018248,0.00509116223758098
0.00270625184553908,0.00328258697066928,0.0694458421142593,0.00555051032566699,0.919014808743865
0.00576004653799607,0.084484989659245,0.121000937731539,0.00299866734780428,0.785755358723416
0.0134244085330237,0.126928369733795,0.0567764088364939,0.56407755762624,0.238793255270448
0.300545859466045,0.560637531590708,0.0134375612619369,0.0141435007554727,0.111235546925837
0.0375457879205419,0.00690836322320518,0.0186642373573886,0.0609509393221224,0.875930672176742
0.00998739237545462,0.526491269118397,0.443754767097085,0.0131818652750265,0.0065847061340372
0.505417390398885,0.109954612387982,0.059356527805858,0.303220500758035,0.0220509686492405
0.0747477953193001,0.0138165611435719,0.0281564523029477,0.0621422883264103,0.82113690290777
0.00635646371030729,0.00725713457309049,0.55145257934643,0.00549211937049357,0.429441702999679
0.00996990704108375,0.224228084001037,0.440433105680143,0.00439647835034963,0.320972424927386
0.0613348788540342,0.00105983745985548,0.000556464915561061,0.0148645539426098,0.922184264827939
0.0322140604425421,0.10333847435982,0.0231330947805473,0.0185204171727592,0.822793953244332
0.0207386506204308,0.049889667607808,0.0343641059376632,0.579732581614521,0.315274994219577
0.0121788117960487,0.00959403130452628,0.00975132609233212,0.00919980924497719,0.959276021562116
0.0238476688812466,0.00278941184091051,0.00150983305500327,0.00274443781010769,0.969108648412732
0.00353955388160326,0.000755359510422545,0.0035222469276774,0.0010620763699333,0.991120763310363
0.00729556784714404,0.0955266108880355,0.507616130679319,0.00743240836643146,0.38212928221907
0.711472487497912,0.00363362718620039,0.154063570302999,0.0042773971947933,0.126552917818095
0.170934195437379,0.0442459656242013,0.41791809347464,0.133671904640604,0.233229840823176
0.00441557615574242,0.0056683706500126,0.152371117698971,0.828729536296671,0.0088153991986029
0.00555780740387333,0.00560632286274874,0.148171479360217,0.0604956232145609,0.7801687671586
0.592140718379201,0.151405518480906,0.00227197835648675,0.211730718305985,0.0424510664774213
0.894472285110091,0.0183764119738481,0.0051610343957641,0.0259213629787615,0.0560689055415352
0.00259478007160252,0.0068604239488311,0.00969592734914402,0.00740661272914985,0.973442255901273
0.822708828235183,0.00136851059890565,0.000529364409659421,0.0435905502844241,0.131802746471828
0.992936118761816,0.000537083935959433,0.000399105734867808,0.000832482921195143,0.0052952086461621
0.996247346091489,0.000270316159552245,7.52031733426095e-05,0.00133995827964698,0.00206717629596969
0.991644639390121,0.000676065645754395,0.000480677840983005,0.000985031279565857,0.00621358584357542
0.00772754443068747,0.965412287442085,0.00793720600250643,0.00895904147820701,0.0099639206465144
0.634117839350812,0.00286380005620154,0.00191968331818507,0.020669493244044,0.340429184030757
0.00844996618401451,0.449010196758671,0.483924969836517,0.0320603665204557,0.0265545007003414
0.0215566999802663,0.518274955289773,0.0236051934308227,0.0944046106643339,0.342158540634804
0.986948922102919,0.000636150466936011,0.000507777572060756,0.00104229350794416,0.0108648563501407
0.171673250779544,0.00520797933309259,0.806865528572512,0.00749912523127527,0.00875411608357576
0.155155275179624,0.10735703111373,0.27965205281862,0.248245718053534,0.209589922834492
0.00732644114841999,0.0511108253014895,0.0145653181187342,0.822729589810621,0.104267825620735
0.00466956111531642,0.434700602278815,0.539049970996383,0.0142594839112987,0.00732038169818739
0.00491543023308194,0.45072615480992,0.525070364036027,0.0128932633595678,0.00639478756140296
0.00560390345969589,0.00817669500106341,0.909565877825135,0.0347446980166121,0.0419088256974935
0.00420674343867421,0.0057242425489725,0.942796471544084,0.0179067712714371,0.0293657711968318
0.00374071950225873,0.00930643156661601,0.00213343481626454,0.974696250062922,0.0101231640519382
0.00349237010001314,0.00890169450110885,0.00194870295951205,0.977043829872753,0.00861340256661292
0.0818504228397961,0.0156072414194167,0.0229349463983604,0.0193099550456847,0.860297434296742
0.0361888752868875,0.0104967089846135,0.00282337006395241,0.0663786316738564,0.88411241399069
0.00336595705701883,0.00533995796456253,0.135134025092702,0.849518765420989,0.0066412944647273
0.989712254881632,0.000462506779923198,0.000140261149375918,0.0035305630749133,0.00615441411415547
0.26056604674629,0.0828203941528351,0.182331048188931,0.153030623547299,0.321251887364644
0.00917554002426484,0.0119717618008613,0.025422414921317,0.032495148066138,0.920935135187419
0.00187080442818646,0.00257993561049903,0.0449568661874211,0.00653075143516932,0.944061642338724
0.17592903703447,0.621635083205754,0.0323210235253883,0.031592083149503,0.138522773084886
0.00662441420795149,0.160806206381924,0.211982134543269,0.527083014476203,0.0935042303906524
0.0103789192581348,0.0128220209485518,0.0176899236723759,0.118015998989751,0.841093137131186
0.00703192458506208,0.387376294182613,0.560245968690173,0.0182045858437703,0.0271412266983817
0.00266561770445805,0.00866893380000653,0.629413215389514,0.00473157886526395,0.354520654240758
0.711377695419439,0.0061429967884314,0.0541282090321457,0.0240448311142671,0.204306267645717
0.00582342562620783,0.00544723268802745,0.945528384358099,0.00636004632861559,0.0368409109990503
0.0182471190454223,0.0867879214089727,0.797558933222519,0.0198860476069167,0.0775199787161693
0.00410510409484152,0.563752446752352,0.280624809303286,0.144069552311386,0.00744808753813468
0.315900505397156,0.153576794356192,0.168491880615254,0.0373264551129263,0.324704364518472
0.0898545973230991,0.067201933455994,0.177529927275607,0.32223011116989,0.343183430775409
0.00309908039096927,0.00432905553027691,0.899200008874326,0.0116515812789493,0.0817202739254783
0.687222987112312,0.0042316238046478,0.0211832533627487,0.00687893501928912,0.280483200701003
0.0123780509981119,0.105017904560621,0.756553847788067,0.0474974065997344,0.0785527900534655
0.0113362301466215,0.00357480762736328,0.152363090782624,0.0150207228717335,0.817705148571658
0.0719589919560269,0.0759097954551096,0.0252757582733368,0.0113289627081187,0.815526491607408
0.778070986720079,0.000856424724082767,0.000271744909188114,0.00214462196451658,0.218656221682133
0.00823814491179667,0.521587217438019,0.0136634185049989,0.00987521862984212,0.446636000515344
0.00318595578220533,0.00475320470643352,0.168928838478812,0.0019018856503056,0.821230115382243
0.00779082001768039,0.0232253564038664,0.34204159627917,0.0275442446909315,0.599397982608352
0.267344078812131,0.324072217383677,0.206496097641777,0.0727437106321379,0.129343895530277
0.0565181514851534,0.0364717255414897,0.785633917391701,0.0736579245616162,0.0477182810200397
0.0678677031681044,0.349381587677253,0.0240809610739279,0.547067601230041,0.0116021468506737
0.0279758337696642,0.0125031190726359,0.906595040993771,0.0398265373594061,0.0130994688045224
0.0979920890689643,0.358298203156204,0.0246110791472307,0.507405072628111,0.01169355599949
0.775321420320282,0.000860668495645442,0.00026909153001937,0.00358265577133503,0.219966163882718
0.0132247361183579,0.214472107740223,0.00524299816916854,0.110317190673212,0.656742967299038
0.850552311162296,0.022466175867101,0.0257882478897554,0.0842582970401988,0.0169349680406482
0.00641907178538631,0.0554677391006063,0.00440239583576493,0.279910013491633,0.653800779786609
0.536760360470084,0.0284960862810243,0.00593185886305474,0.00552556434403742,0.4232861300418
0.843307756650785,0.0371332102060889,0.00848325774105871,0.052220379451233,0.0588553959508341
0.794807337188949,0.0200459701025693,0.0161715202369491,0.0994695337713405,0.0695056387001925
0.00261060560351536,0.0233391868157011,0.0018313449324076,0.00169346861577472,0.970525394032601
0.00424777992687226,0.00350913297798674,0.01205402068089,0.947336636227219,0.0328524301870323
0.141103197122833,0.498078425709256,0.017729443557075,0.0644422658353433,0.278646667775493
0.00778747593498745,0.244030765808483,0.297424607190673,0.417191538229879,0.0335656128359772
0.779694524747285,0.00853811306537709,0.00403755630430264,0.0363568106481915,0.171372995234844
0.00611667589646542,0.00651835412357811,0.972885540163709,0.00646654637380052,0.00801288344244743
0.0743994023690874,0.00671466302163762,0.830038466050053,0.00655843600918322,0.0822890325500386
0.172075215748304,0.0242724364325384,0.21504552996458,0.0248107130466749,0.563796104807903
0.00423598208677663,0.0102483662718061,0.664367297760648,0.00311092256750829,0.318037431313261
0.00216390832587677,0.0021411738679569,0.00112912052851389,0.00103482833513497,0.993530968942517
0.0319302502824965,0.00443510030872226,0.00547730170055017,0.00611714077998756,0.952040206928244
0.0742065166115132,0.0645255547114111,0.0558890951496438,0.113477278640634,0.691901554886798
0.00429252602023255,0.0660490723483339,0.891992300252793,0.00485845443439676,0.0328076469442443
0.038112562263402,0.385091324588147,0.0191277881267222,0.516576052925683,0.0410922720960461
0.0110331646678973,0.152790407651343,0.681809812515528,0.141526718018526,0.012839897146705
0.0999505785850505,0.0169081067713346,0.812107445880007,0.0552928244604043,0.0157410443032036
0.0925601557708364,0.0193892390715487,0.736883009951784,0.138179174613372,0.0129884205924582
0.130240211633683,0.0414271499208081,0.694512002613461,0.0615280822039991,0.0722925536280488
0.00274825275850759,0.00775545037303571,0.0232393122665508,0.0221409311299132,0.944116053471993
0.00259312487690578,0.00401466036109437,0.983201209286859,0.00246797341646845,0.00772303205867206
0.0189521852537031,0.0125835053824913,0.941767886767323,0.0177692397322059,0.00892718286427669
0.0640595369919294,0.02224129534801,0.0146694197596432,0.234128862379583,0.664900885520834
0.0819193613712396,0.0063419524282594,0.821447278009548,0.0103642141511071,0.0799271940398456
0.00365773824827706,0.00935783284362024,0.0960042316630444,0.882496129981827,0.00848406726323138
0.00322571538524941,0.388368242978068,0.59520331636089,0.0071032727638984,0.00609945251189466
0.00648499043955667,0.0423452840244705,0.00357472246978608,0.138708766592601,0.808886236473585
0.0112820950117232,0.11440215539779,0.150049342231407,0.0815721781733337,0.642694229185746
0.00943532127133741,0.00540571580794758,0.148197890168295,0.788495878080636,0.0484651946717838
0.709181126610373,0.00427921005317401,0.0884702246807181,0.00786964761957517,0.19019979103616
0.188604846042749,0.0889626795996533,0.0124857298245661,0.0509916078180947,0.658955136714937
0.833506717804532,0.0924520649519551,0.00146619714334428,0.0311961821602199,0.0413788379399485
0.312206847470578,0.00306650425373239,0.0286821264809419,0.0110976425964734,0.644946879198274
0.00700604654453994,0.0426267166012163,0.422594229947437,0.00509933514254565,0.522673671764261
0.342724646802091,0.41824686745466,0.032980262012663,0.0822978951314697,0.123750328599116
0.123274619368398,0.143854113524262,0.211748944461732,0.236765262568895,0.284357060076714
0.0097910734111146,0.424039888796912,0.536973886046652,0.0203384843026013,0.00885666744272084
0.0364520239736281,0.00820723094300001,0.839674869893608,0.0995887765202473,0.0160770986695167
0.972138592281171,0.00110580344013062,0.000905112775432471,0.00303273150245216,0.0228177600008137
0.683278291030652,0.00102208403552985,0.000338660423977184,0.0267223102043649,0.288638654305476
0.0129789732927481,0.437791560269916,0.0617093627357509,0.0083501451400809,0.479169958561504
0.00406454224947722,0.569116632573135,0.277182614934788,0.142234903528122,0.00740130671447712
0.00489671382540244,0.370060221750608,0.601049080302662,0.0161096411866316,0.0078843429346965
0.00294924243836831,0.00703992130041543,0.0541230106174901,0.917539956989144,0.0183478686545817
0.2014217109838,0.233565796792203,0.255766437544141,0.0425262123612742,0.266719842318582
0.164548271565997,0.00657203367350532,0.0217126214148428,0.128743718408911,0.678423354936744
0.21567803902061,0.37221179361623,0.0515245199724556,0.274734680884698,0.0858509665060065
0.00237290173823126,0.00924887503998631,0.00140323588428856,0.00211286609549596,0.984862121241998
0.192679722376945,0.140035859070064,0.19891866016663,0.101009533833526,0.367356224552835
0.0313871661212418,0.100703303945087,0.218677844057208,0.366127229444157,0.283104456432307
0.162314310754195,0.146074643560659,0.152200632920564,0.0162703393657802,0.523140073398802
0.169145589526144,0.64095305602163,0.057785821556592,0.0342026247333444,0.0979129081622894
0.850319038403292,0.0018819215238476,0.000559176672692646,0.0350385005706598,0.112201362829508
0.00470675510687063,0.00622390689586004,0.00285988247464785,0.0210340428296664,0.965175412692955
0.0116811213723069,0.451570164981122,0.0602024631887139,0.00824434908344458,0.468301901374413
0.0565330226173084,0.411846840047957,0.049373671477201,0.00553743801029737,0.476709027847236
0.0141162683471986,0.62424150557641,0.097335351155723,0.161439035083811,0.102867839836857
0.583264226834277,0.00179085630265279,0.000703211901387293,0.114663041000435,0.299578663961248
0.202394652544329,0.471032176697277,0.0255588080586142,0.00478175265409117,0.296232610045689
0.07595137609174,0.123500602953585,0.00899123755082445,0.586271350922506,0.205285432481344
0.00288917100660433,0.00562924311913615,0.835432612419626,0.00511940744109933,0.150929566013534
0.00343226595374095,0.00569404093649496,0.811364530211749,0.0398298254861856,0.139679337411829
0.00652595718044553,0.667326311841414,0.0111213859809778,0.212601965027567,0.102424379969596
0.988861032784815,0.000776136708390589,0.00056706861930427,0.00110004933205871,0.00869571255543218
0.0145887425665474,0.00437571125817652,0.663271535747579,0.00843215242064847,0.309331858007048
0.00522126013492252,0.140727005082785,0.0132797199443904,0.211465003578843,0.629307011259059
0.0159341633060982,0.0182559432111942,0.087707003736016,0.410050712672643,0.468052177074049
0.0161419162758476,0.0610664876787328,0.046820793110176,0.629391943070047,0.246578859865196
0.00837144618316542,0.104105058760414,0.532857808186859,0.0570814593869877,0.297584227482574
0.00465591765723282,0.156149298203483,0.663511766657114,0.167863288320255,0.00781972916191485
0.03039709029702,0.00304630684257345,0.00293983962060593,0.0759563148177685,0.887660448422032
0.909208363095695,0.0538893679386463,0.00263415694665804,0.0280881069145706,0.00618000510443058
0.0118938416692576,0.0880299731425099,0.0300551267501918,0.161594448182932,0.708426610255109
0.00440676068910595,0.0305384558061965,0.00412504647789891,0.174020549895068,0.786909187131731
0.00607520202507001,0.336373312350015,0.00510791448090815,0.0531369346414537,0.599306636502553
0.00764677725552083,0.184474298550948,0.59258466020636,0.131249653692106,0.084044610295065
0.00481325179419629,0.00519529093529988,0.0376907698586085,0.923603150919015,0.0286975364928807
0.241617114954611,0.00585891411246973,0.155122771366567,0.0313325354033732,0.566068664162979
0.0123274698342517,0.0788963412174646,0.0846432446710489,0.0727297988949999,0.751403145382235
0.519701740540039,0.249990167689342,0.0410200155154968,0.117416934136499,0.071871142118622
0.0153866995628539,0.0257765755453538,0.450400205945854,0.00654033617531133,0.501896182770627
0.690779232689403,0.109377050655149,0.0417699381585719,0.102526649573588,0.0555471289232881
0.97614186865316,0.000798012338478446,0.000222201227989392,0.0139450023894844,0.00889291539088767
0.00590142545655792,0.021466764112526,0.00301316270537798,0.361866136105175,0.607752511620363
0.0188533414605783,0.026805048350401,0.315066384030008,0.530249523545369,0.109025702613643
0.00315048193506583,0.0278429527376482,0.00195898880156638,0.00279289246187156,0.964254684063848
0.0371115007916961,0.0530188274283703,0.14991858919426,0.211052855243915,0.548898227341758
0.00761853121877815,0.1376755464605,0.0285865222023211,0.0954309232979255,0.730688476820475
0.0188533414605783,0.026805048350401,0.315066384030008,0.530249523545369,0.109025702613643
0.0127981681049057,0.00732959372905378,0.0815703785421971,0.890117209636742,0.00818464998710132
0.268850519076531,0.0624831959507153,0.154385360062206,0.156760089266312,0.357520835644235
0.0209468095520614,0.201272154866723,0.678030034222197,0.0917095703296227,0.00804143102939498
0.00293337862111488,0.0069535930739616,0.03901353051486,0.945166517878307,0.00593297991175627
0.0958205956074115,0.0105717307763657,0.714598728940159,0.0893445714689779,0.0896643732070854
0.603015396571753,0.000775957586038248,0.000263032497485279,0.00225598664441418,0.39368962670031
0.014147994840797,0.0189195197899352,0.0598036981939478,0.479702337631055,0.427426449544265
0.148376384951543,0.0610356942633467,0.0320818414189253,0.0994344466704379,0.659071632695747
0.268667585536128,0.0947235556037229,0.194102950790896,0.195345426937173,0.24716048113208
0.434283514119855,0.00305939004867079,0.00102580640297765,0.178022231478352,0.383609057950144
0.0319085916315382,0.143873876143173,0.498767012027998,0.0354429856265498,0.290007534570741
0.00696152506350729,0.0160345812366409,0.00396806988688193,0.95976969814954,0.0132661256634303
0.164837248845741,0.121194212782281,0.417851720387799,0.0718817309407583,0.224235087043421
0.150093188772217,0.0521206944988879,0.566034953229953,0.0813319551095193,0.150419208389423
0.179794258112256,0.290617852691901,0.0391235958572546,0.0396090739371127,0.450855219401475
0.0103659245116413,0.216009085161816,0.67290526326236,0.0789964577431438,0.0217232693210393
0.00410340666259992,0.00774173177749002,0.00217142021489318,0.978247391322282,0.00773605002273454
0.00307909308169614,0.00563299618626762,0.17078252721469,0.814270486618148,0.00623489689919794
0.0135116440336456,0.0240026856976781,0.0318469298908194,0.913106163656115,0.0175325767217427
0.274217687081023,0.0873815846892163,0.00698676044462837,0.595771560091188,0.0356424076939441
0.280329538641184,0.0894707737947811,0.00716744674334041,0.585706727404442,0.0373255134162519
0.280329538641184,0.0894707737947811,0.00716744674334041,0.585706727404442,0.0373255134162519
0.00319501694810591,0.00550333636046658,0.164265499779061,0.820913517745743,0.0061226291666244
0.941174058016323,0.00144901871618456,0.000343540100845286,0.0381688963157493,0.0188644868508974
0.00446656095147445,0.00711085782978038,0.00251895708884366,0.980056299818309,0.00584732431159232
0.00460256342864185,0.00960351825842501,0.00266586332567225,0.970092492678916,0.0130355623083453
0.01838534689062,0.0281729776967582,0.497170033527507,0.388424729798293,0.0678469120868216
0.00506283254924508,0.0984760389601392,0.00462439214193422,0.110044203375064,0.781792532973618
0.148852423671044,0.376484989069023,0.00305427902376352,0.108828489599941,0.362779818636228
0.00840549130081773,0.112927500882969,0.00501458712835799,0.335883141606567,0.537769279081288
0.00625853773034693,0.00106503233260587,0.000978008897605728,0.00245077905618234,0.989247641983259
0.0056551472958217,0.116709920297577,0.00463352931781782,0.00974965694382852,0.863251746144955
0.0100750730088978,0.054134737393844,0.799509536509219,0.0572217484598127,0.0790589046282269
0.00822014363161216,0.0342346832708505,0.833312233642511,0.0816121564892047,0.0426207829658215
0.0938211180308679,0.47805152756442,0.0823166261441813,0.244636803984597,0.101173924275934
0.00366437261697926,0.00894429904150121,0.00198368442474375,0.976731187195976,0.0086764567208
0.0157191325674045,0.02569162695065,0.0927728362752924,0.698741012637828,0.167075391568825
0.139069990841517,0.325506680967563,0.00268466902826975,0.053659579073888,0.479079080088762
0.0156656784746292,0.00823550072812963,0.837217608817367,0.0240344520778219,0.114846759902052
0.037469688082139,0.214187381450796,0.0114281172886449,0.684697493936186,0.0522173192422335
0.990430336388787,0.000641995380038839,0.000485712938083134,0.000990287820093683,0.0074516674729973
0.251101875869453,0.0235727332923256,0.0609841149376164,0.0818139589043253,0.58252731699628
0.00309360611273545,0.00455917850298879,0.165803789876754,0.0043667831912044,0.822176642316317
0.990445760701969,0.000643589174902733,0.000483640473706199,0.00103522741800102,0.00739178223142047
0.00289495497098894,0.236318797134647,0.713099618568371,0.0402891543819042,0.00739747494408852
0.149633662963323,0.0799542809182545,0.0162554342749775,0.398314448891648,0.355842172951797
0.11971219893035,0.250521818589299,0.0302678701608162,0.0044165253383959,0.595081586981139
0.00288199510532872,0.239235018737983,0.710065853759463,0.0404156910222696,0.00740144137495593
0.00586174955696059,0.0108778693942102,0.875220023462199,0.0685649745169368,0.0394753830696938
0.0259906434458904,0.0241124049317388,0.0134190935315162,0.00235146853614701,0.934126389554708
0.2140369432264,0.252665405885074,0.0889249925558032,0.148829067641721,0.295543590691002
0.00588058990917878,0.0921619078403931,0.0837036204851465,0.79816797483792,0.0200859069273619
0.00549807126344478,0.0715544654160524,0.0779801476799969,0.832939505198339,0.0120278104421664
0.0140862692783766,0.0234870620689715,0.924997130779749,0.0121247089101914,0.025304828962711
0.00807634855537898,0.743398847167256,0.0243659212210869,0.019226140001603,0.204932743054675
0.0154344626388212,0.0667105920953042,0.0526090437764072,0.673178296930049,0.192067604559419
0.00793542922040939,0.919216864223069,0.0279682794336311,0.0399736793549413,0.00490574776794986
0.00544872879887052,0.922016722628891,0.0601828641651576,0.0063818836811199,0.00596980072596154
0.00638559076583853,0.0237717110142765,0.018657234705584,0.886762374352351,0.0644230891619497
0.00309111106388083,0.969419755243239,0.00982711903794942,0.00558051279027417,0.0120815018646562
0.0101489068980443,0.852582619811222,0.0871405417474087,0.0265403749072003,0.0235875566361247
0.00241637267966079,0.227258123862898,0.757990446746625,0.00573704648693902,0.00659801022387782
0.075403426867546,0.00709456674912974,0.0336717295684679,0.013823341439985,0.870006935374871
0.00923008405751682,0.391119929317724,0.010995403083284,0.202767241319959,0.385887342221517
0.9178507629596,0.0103706860745783,0.0551429379059461,0.00538318661537644,0.0112524264444995
0.014545068894181,0.0117288508047027,0.0721443045554707,0.623532807810652,0.278048967934993
0.0476520769486014,0.0397323479038519,0.775654204418255,0.110777580159207,0.0261837905700857
0.0801826977992288,0.866156975618755,0.0263833167441196,0.0177484633468741,0.00952854649102207
0.00483800290792047,0.0949164833000989,0.750012058981778,0.0673769908935955,0.0828564639166066
0.127853511963435,0.013132574066858,0.0319138256719502,0.475002409352433,0.352097678945325
0.0568227992981547,0.11905713819925,0.0204910849988449,0.511922651436522,0.291706326067228
0.131526105776398,0.0118801785755855,0.0266785824949802,0.703613139169104,0.126301993983932
0.0375733786882768,0.0424166453101498,0.00506922168851205,0.050553896210446,0.864386858102615
0.00970484666731117,0.0465806929688741,0.179621383700315,0.71575856619718,0.0483345104663196
0.00650055218429707,0.264771841853852,0.0555551020294248,0.585607134673313,0.0875653692591131
0.00579761493795511,0.0236798005374111,0.0034696648974967,0.956307242511776,0.0107456771153614
0.699672055379573,0.178179333106618,0.0307438428565239,0.0268786180530093,0.0645261506042759
0.0206074746650942,0.0380123279754035,0.00463193304640108,0.233096253142646,0.703652011170456
0.0345524810982964,0.03093174049649,0.0993623605634668,0.473972103948413,0.361181313893334
0.0108333661451644,0.675757638015538,0.0676284611722259,0.110528924054442,0.13525161061263
0.00565961837862414,0.0179842906650148,0.839459819970036,0.0341344549488672,0.102761816037459
0.0151448281355231,0.103974688355374,0.0734401508240636,0.408138901882545,0.399301430802494
0.0141294198444089,0.0263674910497311,0.00347742519365962,0.413602789655089,0.542422874257112
0.00742146530903967,0.317731933073726,0.0913363560513949,0.219006534796957,0.364503710768883
0.00840549130081773,0.112927500882969,0.00501458712835799,0.335883141606567,0.537769279081288
0.152347450549415,0.0387726902989789,0.712084778170754,0.0304715417817559,0.0663235391990962
0.0147102675451395,0.00132022463540524,0.00117524926471211,0.0060571332774264,0.976737125277317
0.0854817249246189,0.836605669051077,0.0319215767937488,0.00657742747118153,0.0394136017593741
0.00744930381052495,0.0358304232427267,0.389688526346728,0.543273097913332,0.023758648686688
0.00388946061383433,0.348278786330132,0.0054744162272153,0.0758864959718403,0.566470840856978
0.00429257368979865,0.0126048031547409,0.697348819161473,0.00642408630629808,0.27932971768769
0.00909034716462401,0.013589588797903,0.0322438614006385,0.417705602628232,0.527370600008602
0.155620822599964,0.143432045422773,0.0174746179354487,0.634889251848897,0.0485832621929175
0.283299654483173,0.117882078204363,0.276197459918073,0.16147716539372,0.161143642000671
0.00522867384557111,0.0392559771492035,0.00404675611578262,0.29706179801643,0.654406794873012
0.067582590279431,0.0187893880281549,0.0929727138607395,0.293517021605685,0.527138286225989
0.00691641724939577,0.0220563595862762,0.16078593585061,0.0349993464919646,0.775241940821753
0.0308066700526583,0.0718064647496805,0.00604684008699377,0.125880038009195,0.765459987101472
0.00334577912752834,0.0224636064983943,0.758933341849596,0.00212560286405075,0.21313166966043
0.00760217396798801,0.358600734227343,0.300086448899961,0.314649416944164,0.0190612259605439
0.0688985141647093,0.879039860709959,0.0141561827050793,0.0248590263217502,0.0130464160985027
0.00776074082644777,0.0155846457982216,0.423520240819775,0.00365812295903294,0.549476249596523
0.0564887737348925,0.0187727747204274,0.0257472465594926,0.337501997209308,0.561489207775879
0.145828741228085,0.0211102064780153,0.0103775035734532,0.661761601826663,0.160921946893784
0.0252950888116551,0.0110258917473158,0.825611741260335,0.0770820391664546,0.0609852390142393
0.272307413686494,0.0654868758127972,0.0069342150158169,0.203046682232707,0.452224813252185
0.498389623732435,0.371107776446429,0.0103761122472889,0.0069408224048896,0.113185665168957
0.0223734935534244,0.146656864559928,0.0140091959884539,0.341084574434801,0.475875871463393
0.00381648741915677,0.041056063300739,0.923646729360245,0.0179822412657966,0.0134984786540621
0.0020876014234902,0.0121452048800055,0.00149679808998918,0.00135202247573929,0.982918373130776
0.00476594913540639,0.0149261625569178,0.55219608983203,0.0129803340754401,0.415131464400206
0.159367885902992,0.0143066559783437,0.00513575571232692,0.792995135839773,0.0281945665665645
0.00220619750173061,0.0204023344428723,0.00175236219399618,0.00152773035884942,0.974111375502551
0.158593231746505,0.73423647272616,0.037423880419556,0.00742775456720487,0.0623186605405743
0.0141239511865239,0.0029976951805176,0.0125530171300268,0.0559966297555674,0.914328706747364
0.963915226035244,0.00296171603042171,0.0159726895334583,0.00842980282837358,0.00872056557250239
0.144726172090176,0.0222165368285503,0.176181616013515,0.2061695008007,0.450706174267058
0.00315048193506583,0.0278429527376482,0.00195898880156638,0.00279289246187156,0.964254684063848
0.0634252108320674,0.0015025904144667,0.000327788055619765,0.0045778007277682,0.930166609970078
0.151071457173338,0.270752620839688,0.0433449886342772,0.510022250274921,0.0248086830777764
0.109935746820608,0.0209936505583778,0.00179973640348859,0.123898086311269,0.743372779906256
0.0460838926180127,0.368443223293046,0.108285029494881,0.315225301801625,0.161962552792435
0.0054000340015213,0.00876416060570257,0.00428082077273548,0.97531725231713,0.00623773230291054
0.969929657549962,0.00176950703401733,0.00129943190023363,0.0110175416481376,0.0159838618676491
0.00967193797938289,0.953367802753368,0.0146814242513304,0.012697995893735,0.00958083912218435
0.00456692516882374,0.0148517244534544,0.00283546589917007,0.947389946890415,0.0303559375881362
0.986742844411985,0.000686163078577604,0.000534882724354158,0.00104036222196656,0.0109957475631163
0.0365651724769272,0.0110881628546392,0.304790715752854,0.188167867522378,0.459388081393202
0.0118801979989762,0.0117117874067393,0.0646935580503647,0.25201199075832,0.6597024657856
0.0126363515230664,0.00109207082760008,0.000409809141301468,0.0466520377101924,0.93920973079784
0.98526895977882,0.000665329855718559,0.00053623889779202,0.00104880370763456,0.0124806677600348
0.141055454205511,0.0231469941503732,0.131778356856198,0.0136687863252738,0.690350408462643
0.914327501997939,0.0614487792137534,0.00362445969504412,0.0149642390642601,0.00563502002900342
0.0156409551183147,0.0767016064039393,0.0050077323933466,0.286683585759855,0.615966120324545
0.00804932411983671,0.0786217682103662,0.0890596139352585,0.0378370989617312,0.786432194772807
0.850001563866162,0.114492808316336,0.00734444301155969,0.0184615629839132,0.00969962182202849
0.0686761137825136,0.00547433635119697,0.84118731518292,0.0234547433205872,0.0612074913627824
0.160403476717986,0.10008536630072,0.00338159614094761,0.368823447614294,0.367306113226052
0.0333820942504791,0.340300057779121,0.163570302940881,0.298871527028334,0.163876018001184
0.0163350076714335,0.384939057180688,0.0130738495921653,0.505692404542357,0.0799596810133563
0.0085541723765163,0.000652604843594624,0.000269758807258933,0.00904425663647754,0.981479207336153
0.147213545941115,0.0145114452377241,0.00533277942170338,0.801361876360712,0.0315803530387457
0.151511110699629,0.0146533816847656,0.00548414252876126,0.788723453598768,0.0396279114880764
0.145661567031016,0.0147621564392688,0.0052104696575972,0.805783564387425,0.0285822424846928
0.0142414934340913,0.908802710994615,0.0250156754393256,0.038446670215102,0.0134934499168667
0.140554758833564,0.235166236641675,0.491234321931944,0.0449327204774001,0.0881119621154167
0.0100556728301084,0.291845238032625,0.0163811567633268,0.419384102434773,0.262333829939167
0.0022705157304272,0.982747903821766,0.00411229469042292,0.00707193873047835,0.00379734702690503
0.680781666141312,0.0351708146604798,0.0571157911594028,0.00370502606043355,0.223226701978371
0.0210303408586238,0.00417309057732301,0.951151337417342,0.0044349931742266,0.0192102379724846
0.226541506524217,0.693249819385954,0.0153105603227833,0.0220600113420102,0.0428381024250357
0.0383044537096892,0.0158629306041534,0.500404504452914,0.306680642892919,0.138747468340324
0.00840549130081773,0.112927500882969,0.00501458712835799,0.335883141606567,0.537769279081288
0.854860298140202,0.0435001203826486,0.0247524410592545,0.0282774563460002,0.0486096840718946
0.663561485820196,0.00642787372720486,0.00266314168235434,0.114927560398669,0.212419938371576
0.723853656070753,0.00309024327249539,0.00488692069592442,0.0300565286938771,0.23811265126695
0.00368198335191752,0.0156218551551285,0.00218791237954887,0.96595504475821,0.0125532043551953
0.00756994277881536,0.0412419254609949,0.00407311634126372,0.933355411026242,0.013759604392684
0.0867787832212601,0.0219716141736336,0.00763854196206112,0.235907320969582,0.647703739673463
0.017384255235066,0.00528111224505708,0.84242193781727,0.0099135072803413,0.124999187422266
0.0497716313441845,0.00787186953878787,0.0894777841921286,0.03014832568789,0.822730389237009
0.00678312363891827,0.442446157155673,0.0628733682574057,0.0344447792656015,0.453452571682402
0.939859569395064,0.00349663834615533,0.01664525566369,0.031898408549588,0.00810012804550284
0.00277549618034604,0.00235201047872918,0.0457823636438513,0.0049098032354438,0.94418032646163
0.132366740374945,0.0559681186671602,0.00913232231896755,0.666819585325279,0.135713233313647
0.0182550652741001,0.71372220771735,0.176074846213891,0.0503125050245342,0.0416353757701252
0.0104284634334995,0.00792038885667368,0.310318593464301,0.107613629102149,0.563718925143378
0.0170257614260108,0.00505318492244821,0.00383666942239681,0.612054823344832,0.362029560884312
0.00634562041372086,0.96039414342915,0.0129384337419187,0.00851967195494952,0.011802130460261
0.00746192816976981,0.363561817943941,0.25290758270943,0.20042482859507,0.175643842581789
0.00268608982988979,0.0602011478428121,0.0544231985059677,0.0047302255170379,0.877959338304293
0.00708711422290585,0.376722495691335,0.245125127500657,0.199247332059778,0.171817930525325
0.0158173001600079,0.00631887824363317,0.00330234926108242,0.92816222317936,0.0463992491559162
0.131890181638784,0.013656956926463,0.00821584971447661,0.627940713078478,0.218296298641798
0.041700312786401,0.529322404367414,0.396057399761414,0.0235494628289239,0.009370420255848
0.00948684792354169,0.161831944593345,0.0072918569460964,0.112916806486536,0.708472544050482
0.00423166515073699,0.520430530301751,0.390038641913117,0.0758699578675619,0.00942920476683352
0.00342688576503827,0.00273206335966069,0.0793720349908999,0.00650973342820471,0.907959282456196
0.0023504553228428,0.00245620809293371,0.129676360645753,0.00385662821887546,0.861660347719595
0.103224860952557,0.000990654044338693,0.000478563196723148,0.0131135211331595,0.882192400673222
0.0232414148996631,0.657464149087111,0.02373801478307,0.276288621163903,0.0192678000662533
0.155864804768037,0.316891854374003,0.274681153453794,0.0254125714585966,0.227149615945569
0.0650494038091496,0.0115981879816026,0.888425015161051,0.024318447076091,0.0106089459721057
0.647786761008255,0.225339356002795,0.0119018214942683,0.0698622836200758,0.0451097778746062
0.0682786130676663,0.0452501957463143,0.0374206143707035,0.00601099537024812,0.843039581445068
0.0485733736624879,0.00467961403489352,0.0748951879603992,0.00351429962931054,0.868337524712909
0.112313801591665,0.0630978159454967,0.123904475910285,0.026722839411281,0.673961067141272
0.231861655278195,0.0542232718344246,0.142924021712465,0.0237631891467849,0.54722786202813
0.105885163523436,0.0568045474100138,0.146197370555377,0.0214731761113356,0.669639742399837
0.0160634527284868,0.00699818417447385,0.0748568538121431,0.0139308246298438,0.888150684655052
0.699889536225378,0.0014799912200508,0.00190592036735163,0.00419650414529473,0.292528048041925
0.00840430155270631,0.935990839417103,0.0332889997525785,0.0149055884640641,0.00741027081354806
0.049441737358544,0.201868456630601,0.578514725539153,0.0353069524454593,0.134868128026243
0.021233759669102,0.185667363523089,0.214765111734231,0.00682268876205457,0.571511076311524
0.0745609702504492,0.225691017649841,0.00214993117788763,0.040995788177414,0.656602292744408
0.668059442497815,0.00651076345097639,0.00266967480599199,0.11480227447148,0.207957844773737
0.0379743918665471,0.181425125617168,0.248160906659156,0.00642297268367404,0.526016603173456
0.00247043981909725,0.0320556650999179,0.0673590692328399,0.00278362196820608,0.895331203879939
0.0134200588275493,0.445679846396244,0.129406825664424,0.383982731113188,0.0275105379985951
0.00814717130248276,0.501315549192311,0.142606516709351,0.231504256536048,0.116426506259807
0.0143671375393719,0.421613613289044,0.423420395531299,0.0531869421597782,0.0874119114805069
0.159830661769626,0.353662777086944,0.0397193567382243,0.106537394301119,0.340249810104086
0.101192501090049,0.436207107284619,0.0294011807659875,0.00454752481980434,0.42865168603954
0.0694794881338637,0.28055554085758,0.0538835243264294,0.340585218832678,0.255496227849449
0.0440444347524049,0.263556094597269,0.500209324061803,0.030673865404123,0.161516281184401
0.0199833565539727,0.0130120398192878,0.00483959069748403,0.758911201740179,0.203253811189077
0.265666976836259,0.135478245933668,0.0447251903628096,0.22187350132723,0.332256085540034
0.0143667575624739,0.00563294017715834,0.00310843890582898,0.793730621978794,0.183161241375745
0.174534000840882,0.423586633814131,0.0459249269607512,0.154068562771772,0.201885875612464
0.0840192446081485,0.374896969115356,0.0714313898011803,0.15979156608723,0.309860830388085
0.00470194632512999,0.0986502428217486,0.706484029125033,0.00520311850904284,0.184960663219045
0.0204366279129361,0.00705003682957364,0.00295551839179869,0.856618418492868,0.112939398372824
0.0162263009325672,0.865870911350086,0.00704964686565399,0.0933158992850739,0.0175372415666185
0.0383797694876319,0.00903574346462022,0.00796139466087222,0.391660186278459,0.552962906108417
0.0305461159159825,0.00644584508536427,0.611939862852733,0.00390886942885603,0.347159306717064
0.0179122861836054,0.0118617518797148,0.00907437344922857,0.48258071160319,0.478570876884261
0.0580372397623164,0.0576753565928091,0.138358074285221,0.50729187141834,0.238637457941313
0.0368762931370869,0.0175055112761361,0.00803078011312798,0.458477545199625,0.479109870274024
0.00291160017951062,0.0578800365052138,0.924680644298463,0.00620691101795403,0.00832080799885909
0.113772923249217,0.00381296707678169,0.785599940899756,0.00701210634312297,0.0898020624311218
0.00365298482105614,0.00634152609410115,0.948154055504209,0.00458139215645559,0.0372700414241778
0.331292324078379,0.30228734535326,0.0338889258746549,0.150435631530985,0.18209577316272
0.36641335450915,0.519701894427765,0.00777307507648992,0.0940645521932524,0.0120471237933426
0.0153271828873605,0.00451229913235934,0.956653879204555,0.00494699108217116,0.0185596476935542
0.0186221104513156,0.218482548538598,0.0178878765246889,0.417808018356953,0.327199446128444
0.0218525308879231,0.00817261904751413,0.00386081524152896,0.868760343904073,0.0973536909189603
0.0857000940436036,0.0135186574065893,0.0142631053332076,0.730002580353953,0.156515562862647
0.0275323111094273,0.0104062950401286,0.00661719664022616,0.625038085829703,0.330406111380515
0.00546457345069916,0.615608384379515,0.0512162192406865,0.182460213100104,0.145250609828995
0.00262964078960304,0.00535995909556904,0.117627818104795,0.0128141785999023,0.861568403410131
0.0909576965471253,0.0718813411087407,0.498094656113758,0.310382700136195,0.0286836060941809
0.0344539767007741,0.00636249286817847,0.00795475553479877,0.750369675416391,0.200859099479858
0.0288490037263146,0.0820845173570014,0.00485281139396005,0.177604812751024,0.7066088547717
0.00456147016827218,0.50363378858401,0.376495712440767,0.101054090951728,0.0142549378552224
0.00840888286206371,0.906674035019575,0.0479946158464942,0.0268778414380626,0.0100446248338045
0.867689383288034,0.00744913378151881,0.0275869201588102,0.0513761545130831,0.0458984082585536
0.0200725502682673,0.210228919993523,0.141906675640968,0.294126577534449,0.333665276562793
0.0136911755436518,0.185972880578311,0.633200909534535,0.159747087373199,0.0073879469703035
0.146499825823703,0.0476168978249608,0.131900685223246,0.0218791023575026,0.652103488770587
0.00373967788573929,0.276218477260802,0.578969733450691,0.133296941609257,0.00777516979351094
0.0084238831564255,0.140432126803586,0.192416318617746,0.0718782523355321,0.586849419086711
0.132393069582977,0.0393370244837772,0.620190276758412,0.0444675578387817,0.163612071336052
0.163054481228401,0.0512259334363614,0.588749305540103,0.0843655199177776,0.112604759877357
0.164136155453543,0.0106799276772378,0.0171430272990542,0.70782405591892,0.100216833651245
0.132890301847703,0.0109035746586888,0.114927920762682,0.611423843393523,0.129854359337403
0.0466326015680274,0.686803089838217,0.0161015518879648,0.224608108120506,0.0258546485852842
0.383503164825676,0.115918224053295,0.0021548134724742,0.00925877698867318,0.489165020659882
0.0123646554633612,0.901625501197213,0.0239742153171175,0.00765537554046999,0.0543802524818379
0.144712223616401,0.0405181920977513,0.0226783152418484,0.525969335198026,0.266121933845973
0.0101006656021343,0.00468817989026327,0.424480313366391,0.00353612572622492,0.557194715414986
0.00492789671520256,0.459957998431668,0.339816164728193,0.118849049696549,0.0764488904283882
0.539261770399482,0.0632803937901718,0.0505856363623249,0.280608855598801,0.0662633438492208
0.00465160302243034,0.57424752808176,0.0190576601148181,0.105422045273404,0.296621163507588
0.00588475178876292,0.225454815065278,0.422428921176104,0.00749648106924786,0.338735030900607
0.0213763680007412,0.0180836177789321,0.19647073583487,0.0769320736554587,0.687137204729998
0.133998620546091,0.0392392840766222,0.0265880872873009,0.402446125485935,0.397727882604051
0.0315680761996702,0.0617452715492478,0.289681100651376,0.151286003535293,0.465719548064413
0.00230256578246985,0.00652568082199986,0.0451409353005546,0.0153248125777544,0.930706005517221
0.0447127528092719,0.371427628735612,0.237183331189547,0.107851844986899,0.23882444227867
0.0154350155968127,0.172887076299131,0.070681092831959,0.0212165979133214,0.719780217358776
0.00252318007348214,0.242754273386981,0.741299517089012,0.00781450082549933,0.0056085286250256
0.982519860337377,0.000742455983555851,0.000606935477377492,0.00144436630322681,0.014686381898463
0.00932807586224178,0.269616946380512,0.0690606991643345,0.00464300801116384,0.647351270581748
0.0688616952562827,0.00479359856926887,0.910806012196914,0.00495537568574169,0.0105833182917933
0.0804126587575803,0.0415841232512861,0.283624598565934,0.106067983525663,0.488310635899537
0.00975196829650825,0.770253213661604,0.0137616149549397,0.0167178112709718,0.189515391815977
0.774287702661749,0.0044748718315458,0.087164538932813,0.00284340174553107,0.131229484828361
0.0191744669617664,0.298209310900423,0.570982980706884,0.0105488170349779,0.101084424395949
0.549823791168936,0.207361652743401,0.038012656117368,0.194940371985991,0.00986152798430405
0.00329230310844035,0.0725244331340068,0.00724470130849904,0.00785212410270073,0.909086438346353
0.168542732707589,0.0246721983437313,0.0948071456977074,0.0527841271378309,0.659193796113142
0.216227825411433,0.340353333803591,0.240842863648121,0.112116314933166,0.090459662203689
0.131721847407032,0.272115405595229,0.242201399423195,0.162234977515092,0.191726370059452
0.00452917997537624,0.125780950842921,0.703055117082713,0.15531473084562,0.0113200212533691
0.111810236106029,0.0648271021812761,0.0847342820312659,0.706129868640457,0.0324985110409721
0.0426711934690725,0.147928641070107,0.434130491194047,0.246540457823185,0.128729216443589
0.0289343052003314,0.357274114626439,0.0253879552435352,0.464481325661311,0.123922299268384
0.022408436862172,0.0746891600622298,0.42425404644109,0.248066601997868,0.23058175463664
0.0294351078277967,0.13852018240124,0.0470007888512405,0.208825382210015,0.576218538709708
0.0021828572521526,0.0250644157037715,0.0035982112550928,0.00637258766574448,0.962781928123239
0.0168995255688681,0.603054221442009,0.0128448219672993,0.186426696201839,0.180774734819985
0.00619916065809118,0.641912079002641,0.156236592831071,0.0393749828435735,0.156277184664624
0.988165624568192,0.000748549780177546,0.000540392914801865,0.00107067614401656,0.0094747565928124
